concern,unique_posts,share_of_unique_posts,mean_compound
Cost Concern,682,0.14470613197538723,0.10910293255131953
Anxiety or Uncertainty,586,0.12433694037767876,0.05968890784982939
Dissatisfaction,161,0.03416083174199024,0.07932608695652175
Stress or Burnout,127,0.026946743051135157,0.07455748031496062
