outcome_label,unique_posts,mean_compound,median_compound,mean_ci95_low,mean_ci95_high,positive,neutral,negative,positive_share,negative_share
Not an explicit outcome,3047,0.10471414506071587,0,0.09546049601108644,0.1139677941103453,959,1850,238,0.31473580571053494,0.0781096160157532
Accepted or Offer,873,0.17452542955326458,0,0.15461537226978148,0.1944354868367477,359,454,60,0.41122565864833904,0.06872852233676977
Mixed or multiple outcomes,313,-0.001055910543130991,0,-0.04198508567014977,0.039873264583887784,80,147,86,0.25559105431309903,0.2747603833865815
Rejected,291,-0.11887147766323017,0,-0.1598517791952114,-0.07789117613124893,53,132,106,0.18213058419243985,0.3642611683848797
Pending or Waiting,110,0.06256363636363636,0,0.015375440145594568,0.10975183258167816,25,75,10,0.22727272727272727,0.09090909090909091
Waitlisted,79,-0.04122531645569619,0,-0.10548639734729649,0.02303576443590412,17,29,33,0.21518987341772153,0.4177215189873418
