primary_topic,unique_posts,mean_compound,median_compound,mean_ci95_low,mean_ci95_high,positive,neutral,negative,positive_share,negative_share
Admissions,3208,0.09589438902743161,0,0.08502526188480414,0.10676351617005908,1089,1679,440,0.3394638403990025,0.1371571072319202
Other,434,0.06290161290322581,0,0.04355587168507624,0.08224735412137538,91,321,22,0.20967741935483872,0.05069124423963134
Career and Placement,272,0.13009080882352936,0,0.09991946410134091,0.1602621535457178,94,164,14,0.34558823529411764,0.051470588235294115
Cost and Funding,272,0.13036250000000002,0,0.09672936356874948,0.16399563643125056,102,146,24,0.375,0.08823529411764706
Research and Thesis,200,0.08438600000000002,0,0.048672060343184075,0.12009993965681595,57,128,15,0.285,0.075
Sustainability Content,145,0.043148275862068965,0,0.016057528775935016,0.07023902294820292,23,115,7,0.15862068965517243,0.04827586206896552
Curriculum,92,0.06619782608695653,0,0.016022537488741058,0.116373114685172,19,67,6,0.20652173913043478,0.06521739130434782
Student Experience,90,0.057023333333333336,0,0.014461750848413023,0.09958491581825366,18,67,5,0.2,0.05555555555555555
